Neural Network;Polynomial Regression;XGBoost;Ensemble
0.8914178783945259;0.9029734595108483;0.885112573354276;0.8990735307911288
253.26080357007464;242.61060842434844;263.95802600097653;246.97690651890562
