Model;R²;R²_std;MAE;MAE_std;Total_time(s);Avg_time_per_run(s)
Neural Network;0.87808;0.0019;260.2716666666667;1.8799;640.98;21.37
Random Forest;0.8681299999999997;0.0015;273.78799999999995;1.3388;2028.19;67.61
Polynomial Regression;0.8893466666666665;0.0007;250.29666666666668;0.5186;7.26;0.24
XGBoost;0.87805;0.0016;263.07800000000003;1.58;76.31;2.54
