Model;R²;R²_std;R²_cv(%);MAE;MAE_std;MAE_cv(%);Total_time(s);Avg_time_per_run(s)
Neural Network;0.87805;0.0017;0.1936108422071636;260.1793333333334;1.7346;0.6666939982422379;1231.14;41.04
Polynomial Regression;0.8893466666666665;0.0007;0.07870946462571776;250.29666666666668;0.5186;0.20719412963283568;2.88;0.1
XGBoost;0.8629200000000002;0.0022;0.2549483150234088;277.55699999999996;2.0929;0.7540433136256699;30.65;1.02
