Model;R²;R²_std;MAE;MAE_std;Total_time(s);Avg_time_per_run(s)
Neural Network;0.8503766666666667;0.0046;285.73966666666666;4.186;1640.49;54.68
Polynomial Regression;0.88996;0.0007;249.58066666666667;0.4663;6.99;0.23
XGBoost;0.6455366666666666;0.0032;452.8843333333333;2.3461;97.81;3.26
