Model;R²;R²_std;MAE;MAE_std;Total_time(s);Avg_time_per_run(s)
Neural Network;0.3177899999999999;0.0089;619.5133333333334;2.9298;823.25;27.44
Polynomial Regression;0.13126999999999997;0.0043;707.9609999999998;0.7744;1.03;0.03
XGBoost;0.29209333333333326;0.0074;631.343;2.9745;20.16;0.67
