Model;R²;R²_std;MAE;MAE_std;Total_time(s);Avg_time_per_run(s)
Neural Network;0.87842;0.0017;259.992;1.8646;638.42;21.28
Polynomial Regression;0.8893466666666665;0.0007;250.29666666666668;0.5186;1.82;0.06
XGBoost;0.8629200000000002;0.0022;277.55699999999996;2.0929;30.24;1.01
